USE module;

INSERT INTO module VALUES 
    ("IS110","Information Systems and Innovation"),
    ("IS111", "Introduction to programming"),
    ("IS112","Data Management"),
    ("IS113","Web Application Development");

INSERT INTO student_module VALUES
    ("IS110",1,"G1"),
    ("IS111",1,"G1"),
    ("IS112",1,"G1"),
    ("IS113",1,"G1"),

    ("IS110",2,"G1"),
    ("IS111",2,"G1"),
    ("IS112",2,"G1"),
    ("IS113",2,"G1"),

    ("IS110",3,"G1"),
    ("IS111",3,"G1"),
    ("IS112",3,"G1"),
    ("IS113",3,"G1"),

    ("IS110",4,"G2"),
    ("IS111",4,"G2"),
    ("IS112",4,"G2"),
    ("IS113",4,"G2"),

    ("IS110",5,"G2"),
    ("IS111",5,"G2"),
    ("IS112",5,"G2"),
    ("IS113",5,"G2"),

    ("IS110",6,"G2"),
    ("IS111",6,"G2"),
    ("IS112",6,"G2"),
    ("IS113",6,"G2");

INSERT INTO attendance VALUES
    ("IS110",1,1,0), ("IS110",2,1,0), ("IS110",3,1,0),
    ("IS111",1,1,0), ("IS111",2,1,0), ("IS111",3,1,0),
    ("IS112",1,1,0), ("IS112",2,1,0), ("IS112",3,1,0),
    ("IS113",1,1,0), ("IS113",2,1,0), ("IS113",3,1,0),

    ("IS110",1,2,0), ("IS110",2,2,0), ("IS110",3,2,0),
    ("IS111",1,2,0), ("IS111",2,2,0), ("IS111",3,2,0),
    ("IS112",1,2,0), ("IS112",2,2,0), ("IS112",3,2,0),
    ("IS113",1,2,0), ("IS113",2,2,0), ("IS113",3,2,0),

    ("IS110",1,3,0), ("IS110",2,3,0), ("IS110",3,3,0),
    ("IS111",1,3,0), ("IS111",2,3,0), ("IS111",3,3,0),
    ("IS112",1,3,0), ("IS112",2,3,0), ("IS112",3,3,0),
    ("IS113",1,3,0), ("IS113",2,3,0), ("IS113",3,3,0),

    ("IS110",1,4,0), ("IS110",2,4,0), ("IS110",3,4,0),
    ("IS111",1,4,0), ("IS111",2,4,0), ("IS111",3,4,0),
    ("IS112",1,4,0), ("IS112",2,4,0), ("IS112",3,4,0),
    ("IS113",1,4,0), ("IS113",2,4,0), ("IS113",3,4,0),

    ("IS110",1,5,0), ("IS110",2,5,0), ("IS110",3,5,0),
    ("IS111",1,5,0), ("IS111",2,5,0), ("IS111",3,5,0),
    ("IS112",1,5,0), ("IS112",2,5,0), ("IS112",3,5,0),
    ("IS113",1,5,0), ("IS113",2,5,0), ("IS113",3,5,0),

    ("IS110",1,6,0), ("IS110",2,6,0), ("IS110",3,6,0),
    ("IS111",1,6,0), ("IS111",2,6,0), ("IS111",3,6,0),
    ("IS112",1,6,0), ("IS112",2,6,0), ("IS112",3,6,0),
    ("IS113",1,6,0), ("IS113",2,6,0), ("IS113",3,6,0);

    
INSERT INTO results VALUES
    ("IS110",1,"A+"),
    ("IS110",2,"B+"),
    ("IS110",3,"A"),
    ("IS110",4,"A-"),
    ("IS110",5,"B-"),
    ("IS110",6,"D+"),

    ("IS111",1,"B+"),
    ("IS111",2,"B+"),
    ("IS111",3,"A+"),
    ("IS111",4,"A"),
    ("IS111",5,"C"),
    ("IS111",6,"D+"),

    ("IS112",1,"C-"),
    ("IS112",2,"D+"),
    ("IS112",3,"A+"),
    ("IS112",4,"A-"),
    ("IS112",5,"C+"),
    ("IS112",6,"D"),

    ("IS113",1,"A+"),
    ("IS113",2,"A"),
    ("IS113",3,"C+"),
    ("IS113",4,"A"),
    ("IS113",5,"C"),
    ("IS113",6,"B+");